2000-01,14965,14176,12,777,1582,0,14028,3850,101,0,34529,31924,17352,10725,10725,0,3846,0,118,0,2080,366,38,34410
2000-02,15026,14240,12,774,1582,0,13910,3820,103,0,34443,32240,15129,13084,13084,0,4026,0,118,0,1743,366,-26,34325
2000-03,15049,14261,12,775,1582,0,13623,4346,101,0,34702,32290,14289,13876,13876,0,4124,0,0,0,2314,366,-269,34702
2000-04,15026,14247,12,767,1582,0,13746,4384,98,0,34838,32430,14763,13549,13549,0,4118,0,0,0,2242,366,-200,34838
2000-05,15107,14335,12,759,1582,0,12179,5615,98,0,34584,31508,14080,13288,13288,0,4139,0,0,0,2952,366,-242,34584
2000-06,15155,14374,12,768,1582,0,11433,7320,117,0,35610,32469,14070,14163,14163,0,4235,0,0,0,3047,366,-273,35610
2000-07,15116,14339,12,765,1582,0,11044,8183,115,0,36042,32725,14230,14234,14234,0,4259,0,0,0,3204,366,-253,36042
2000-08,15148,14372,12,763,1582,0,11154,8268,115,0,36269,33277,14440,14562,14562,0,4274,0,0,0,2930,366,-306,36269
2000-09,15191,14417,12,761,1582,0,11362,8365,115,0,36619,33845,15126,14387,14387,0,4330,0,0,0,2749,366,-342,36619
2000-10,15290,14519,12,758,1582,0,11487,8589,115,0,37065,33676,14708,14600,14600,0,4367,0,0,0,3261,366,-239,37065
2000-11,15479,14716,12,750,1582,0,11674,8620,117,0,37474,33431,14972,14031,14031,0,4426,0,0,0,3936,366,-260,37474
2000-12,15582,14814,12,756,1582,0,13519,8600,110,0,39395,36491,15938,16019,16019,0,4534,0,0,0,3100,356,-553,39395
2001-01,15090,14496,12,581,2729,0,12336,8515,228,0,38900,36864,19039,13193,13193,0,4631,0,0,0,3678,356,-1999,38900
2001-02,15777,15002,12,762,2801,0,10048,8515,229,0,37372,35591,16085,14671,14671,0,4834,0,0,0,3290,356,-1866,37372
2001-03,15857,15088,12,756,2731,0,10067,8440,229,0,37326,35634,15577,15064,15064,0,4992,0,0,0,3450,355,-2112,37326
2001-04,15957,15196,12,749,2840,0,11073,8441,228,0,38542,34795,15806,13940,13940,0,5048,0,0,0,4503,355,-1111,38542
2001-05,16094,15339,12,743,2841,0,11066,8321,233,0,38558,35118,15063,14948,14948,0,5107,0,0,0,3985,355,-900,38558
2001-06,17037,16282,12,743,2841,0,11257,8322,234,0,39692,35596,15172,15198,15198,0,5225,0,0,0,3983,355,-242,39692
2001-07,17334,16576,12,746,2842,0,11302,8261,233,0,39975,35498,15222,14971,14971,0,5305,0,0,0,4407,355,-286,39975
2001-08,17773,17015,12,746,2855,0,11239,8272,234,0,40375,36029,15499,15165,15165,0,5364,0,0,0,4274,355,-283,40375
2001-09,17768,17505,12,251,2811,0,11205,8276,233,0,40295,35727,16423,13847,13847,0,5456,0,0,0,4283,355,-71,40295
2001-10,18869,18099,12,757,2813,0,11115,8279,233,0,41311,36126,15674,14900,14900,0,5551,0,0,0,4815,355,14,41311
2001-11,19302,18533,12,756,2817,0,11064,8460,197,0,41841,37566,15949,15975,15975,0,5641,0,0,0,4138,355,-218,41841
2001-12,19860,18850,256,754,2821,0,11311,8547,195,0,42736,39851,16868,17089,17089,0,5893,0,0,0,2850,355,-321,42736
2002-01,19005,18004,256,745,2725,2725,12616,7064,217,3681,45311,40054,18053,15946,21992,8,6053,0,0,483,3549,355,869,45311
2002-02,19423,18425,256,742,2725,2725,12435,7202,217,3948,45952,40890,18089,16445,22795,5,6354,0,0,494,3045,355,1166,45952
2002-03,19655,18659,256,739,2727,2727,12483,7208,217,4756,47048,41221,16941,17760,24276,3,6519,0,0,484,3115,355,1871,47048
2002-04,19979,18977,256,746,2657,2657,12475,7210,216,4908,47449,40519,17133,16831,23380,5,6554,0,0,484,3841,355,2248,47449
2002-05,20157,19143,256,758,2577,2577,12422,7215,216,4178,46768,40319,16447,17273,23867,4,6598,0,0,491,4433,219,1303,46768
2002-06,20277,19252,256,769,2537,2537,12281,7218,212,4084,46612,40554,16473,17365,24076,4,6714,0,0,454,4369,219,1014,46612
2002-07,20555,19515,256,784,2521,2521,12294,7175,206,4373,47127,41187,16568,17821,24614,3,6797,0,0,470,4408,219,841,47127
2002-08,20999,19956,256,787,2521,2521,12200,7208,206,4610,47747,41469,16995,17624,24409,65,6849,0,0,460,4799,219,797,47747
2002-09,21424,20381,256,786,2569,2569,12210,7214,206,4638,48263,39863,17713,15271,22143,7,6878,0,1937,442,5121,219,679,48263
2002-10,21903,20859,256,787,2541,2541,12185,7231,206,4556,48624,40106,17313,15819,22770,21,6973,0,1937,443,5245,219,671,48624
2002-11,22545,21501,256,788,2541,2541,12028,7238,206,4534,49096,40901,17704,16065,23190,6,7132,0,1837,443,5038,219,655,49096
2002-12,23242,22107,337,798,2863,2863,12287,7240,206,5266,51107,45138,18589,19138,26543,5,7410,0,1487,423,3085,219,753,51107
2003-01,24474,23323,337,813,2863,2863,12188,7244,206,5358,52336,46091,23277,15324,22808,5,7489,0,950,433,3736,219,904,52336
2003-02,24714,23553,337,824,2863,2863,11835,7250,206,5307,52178,45032,19400,17829,25622,9,7802,0,950,451,4005,219,1519,52178
2003-03,25222,24062,337,822,2863,2863,11819,7268,206,5426,52807,44111,18675,17426,25426,9,8008,0,450,433,4494,219,3098,52807
2003-04,25786,24630,337,818,3007,3007,11604,7280,206,6810,54694,42952,18837,16042,24109,5,8073,0,598,436,5581,219,4905,54694
2003-05,26484,25310,337,836,3007,3007,11544,7280,206,5220,53743,42408,18474,15728,23928,5,8205,0,1389,443,6261,219,3021,53743
2003-06,27151,25983,337,830,3007,3007,11399,7283,206,5242,54290,43205,18485,16323,24717,3,8397,0,2379,440,5802,219,2242,54290
2003-07,27946,26781,337,827,3007,3007,11390,7282,206,5250,55084,43800,18695,16519,25102,2,8585,0,3019,440,5882,219,1722,55084
2003-08,28904,27647,337,920,3007,3007,12221,7283,206,5119,56743,44682,19108,16801,25552,21,8772,0,4103,451,6048,219,1237,56743
2003-09,29944,28670,337,937,3058,3058,12349,7284,206,5104,57948,46730,19987,17944,26738,3,8797,0,4398,450,5996,219,153,57948
2003-10,31249,29982,337,929,2926,2926,12511,7284,206,5228,59405,48099,19722,19552,28167,208,8823,0,3950,471,6371,219,293,59405
2003-11,32576,31292,337,946,2926,2926,11828,7283,206,5148,59969,48670,20006,19694,28662,1,8969,0,3758,457,6601,219,261,59969
2003-12,31141,29841,337,962,2901,2901,11982,7255,206,8516,62004,52841,21240,22558,31597,3,9042,0,3031,482,4954,219,474,62004
2004-01,32188,30977,337,874,3023,3023,12461,7272,186,9001,64132,53304,24890,28348,28411,3,65,0,3250,482,5332,219,1542,64132
2004-02,32973,31750,337,885,3007,3007,11559,7276,206,8620,63643,51691,21622,30003,30067,2,65,0,4175,493,5808,219,1255,63643
2004-03,33981,32758,337,885,3007,3007,11370,7266,206,8739,64571,50461,20981,29417,29477,1,62,0,5957,517,6423,219,991,64571
2004-04,34894,33677,337,879,3007,3007,11231,7265,205,10037,66641,50921,21538,29309,29114,268,73,0,6098,518,6780,219,2102,66641
2004-05,35375,34160,337,878,3007,3007,11054,7286,205,8676,65606,49894,20665,29153,29223,5,75,0,6159,518,7345,219,1468,65606
2004-06,36419,35198,337,883,3007,3007,11133,8891,149,9265,68865,51305,20695,30531,30606,4,78,0,7476,524,7755,219,1582,68865
2004-07,37325,36107,337,880,3007,3007,11141,8890,148,9189,69702,50502,20978,29394,29518,5,129,0,7636,525,9050,219,1767,69702
2004-08,38254,37038,337,879,3023,3023,10907,8890,148,9172,70397,51583,21216,30209,30349,17,157,0,7210,520,9496,219,1366,70397
2004-09,39453,38237,337,878,3007,3007,10856,8889,138,9290,71635,53150,22548,30445,30598,3,156,0,7662,525,8973,219,1103,71635
2004-10,41239,40010,337,891,2975,2975,10908,8889,136,9268,73418,52667,21841,30692,30809,15,132,0,9010,525,9902,219,1093,73418
2004-11,44740,43490,337,913,2969,2969,10779,8870,136,9089,76586,53981,21946,31849,32027,7,185,0,9551,546,9862,219,2425,76586
2004-12,46960,45939,337,682,2969,2969,10424,8865,136,9300,78655,58856,23104,35672,35712,39,79,0,11079,562,5832,219,2105,78655
2005-01,48760,47486,337,936,2969,2969,10404,8829,136,9351,80450,58846,26056,32692,32883,3,97,0,11541,598,6955,219,2289,80450
2005-02,49932,48653,337,941,2969,2969,10466,8841,136,9321,81667,58845,24914,33821,33927,3,109,0,12552,598,7234,219,2217,81667
2005-03,51432,50163,337,931,2969,2969,10087,8846,136,9576,83049,57588,23135,34315,34448,4,137,0,14733,617,7728,219,2161,83049
2005-04,52113,50836,337,939,2969,2969,9836,8850,136,10800,84706,56219,23502,32593,32712,4,123,0,16680,623,8897,219,2066,84706
2005-05,54240,52980,337,923,2931,2931,9832,8786,136,10761,86689,56589,22551,33905,34034,3,133,0,17267,611,9885,219,2114,86689
2005-06,55963,54698,337,928,2929,2929,9481,13370,95,10725,92566,57360,22641,34575,34716,2,143,0,16341,622,9673,219,8349,92566
2005-07,57604,56346,337,920,2929,2929,9474,14184,95,10766,95054,58271,22943,35163,35317,10,164,0,16187,624,10509,219,9242,95054
2005-08,58855,57636,337,881,2929,2929,9856,14101,94,10805,96643,58782,23219,35379,35544,17,183,0,16519,641,10665,219,9814,96643
2005-09,60121,58904,337,879,2929,2929,11163,13331,94,11203,98844,60771,24368,36209,36399,2,193,0,16414,641,9875,219,10922,98844
2005-10,61195,59979,337,879,2892,2892,11673,13332,94,11241,100430,59840,23803,35841,36033,4,196,0,18094,641,10938,219,10695,100430
2005-11,62137,60923,337,876,2892,2892,12089,13332,94,11249,101795,59136,24245,34638,34881,9,252,0,20326,641,10778,219,10693,101795
2005-12,63339,62139,337,861,2892,2892,12692,13226,66,11459,103676,64343,25853,38391,38480,8,97,0,20296,641,7527,219,10648,103676
2006-01,66269,65062,337,870,2892,2892,9080,18394,66,11558,108262,67950,32751,35063,34942,120,136,0,20421,683,8556,219,10430,108262
2006-02,67214,65999,337,877,2891,2891,7871,18403,66,11551,108000,63514,26593,36783,36649,134,137,0,23831,699,9000,219,10735,108000
2006-03,68440,67230,337,872,2891,2891,7808,18942,66,11608,109758,62551,25501,36912,36802,110,136,0,27556,692,9684,219,9053,109758
2006-04,69110,67896,337,876,2891,2891,7125,19564,66,11608,110367,61046,26165,34729,34621,107,151,0,27636,705,11780,219,8978,110367
2006-05,70662,69430,337,895,2891,2891,6959,20206,66,11590,112377,61140,25358,35630,35514,115,152,0,27773,720,13031,219,9491,112377
2006-06,73446,72216,337,892,2875,2875,6937,19097,66,13482,115905,63096,25452,37456,37327,128,186,0,28642,717,12047,219,11181,115905
2006-07,75388,74160,337,890,2862,2862,6942,19017,66,11601,115879,62615,25692,36741,36605,135,182,0,29770,715,14064,219,8492,115879
2006-08,76380,75151,337,892,2862,2862,6941,20118,66,11604,117974,64200,26173,37832,37679,152,194,0,29436,715,14471,219,8929,117974
2006-09,78201,76975,337,889,2862,2862,6920,20080,66,11607,119739,66187,28008,37985,37856,128,193,0,30297,715,14226,219,8092,119739
2006-10,79957,78559,337,1061,2862,2862,6682,20858,66,11461,121889,65232,27012,37965,37846,119,254,0,31054,899,16285,219,8197,121889
2006-11,81796,80400,337,1059,2856,2856,6584,21538,66,11464,124306,68849,27542,41033,40884,148,274,0,30566,914,15781,219,7975,124306
2006-12,85772,84360,337,1074,2856,2856,6516,21949,66,11412,128574,77757,29138,48459,48223,235,159,0,29740,926,10210,219,9719,128574
2007-01,89451,88044,337,1069,2856,2856,6484,21917,66,11730,132507,73380,30236,42943,42817,125,201,0,34337,926,12907,219,10735,132507
2007-02,92808,91401,337,1070,2839,2839,6521,21930,66,11425,135591,80878,33977,46619,46489,130,282,0,31925,938,12722,219,8906,135591
2007-03,95939,94546,337,1055,2839,2839,6526,21906,66,11829,139108,76990,29867,46817,46698,118,305,0,38475,924,13610,219,8888,139108
2007-04,99059,97665,337,1056,2825,2825,6581,21918,63,11832,142281,76788,30055,46457,46328,129,274,0,39533,925,15990,219,8824,142281
2007-05,102152,100750,337,1064,2825,2825,6624,21913,63,11825,145405,77858,28969,48632,48442,189,256,0,39438,938,18107,219,8841,145405
2007-06,104870,103482,337,1050,2825,2825,6633,21861,63,11850,148105,82663,29240,53147,52984,162,276,0,37581,925,18360,219,8353,148105
2007-07,108674,107285,337,1052,2825,2825,6627,21847,63,11841,151880,83264,29508,53509,53342,166,246,0,38268,925,20566,219,8637,151880
2007-08,111215,108793,337,2085,8819,8819,6611,16056,63,11841,154608,83639,30153,53215,53045,170,269,0,40675,927,20392,219,8754,154608
2007-09,115860,111776,337,3746,8825,8825,6612,16023,63,11975,159360,88212,31804,56133,55979,154,274,0,38945,931,20496,219,10554,159360
2007-10,117752,111841,337,5573,8825,8825,6581,16005,63,11974,161202,88615,30692,57661,57477,183,262,0,37109,931,22727,219,11598,161202
2007-11,122170,115031,337,6802,8825,8825,6310,15950,63,11979,165299,92433,31389,60775,60569,206,267,0,35667,933,23159,219,12886,165299
2007-12,124825,115168,337,9319,16317,16317,7862,12972,63,7098,169139,101545,32971,68415,68094,321,157,0,34469,947,17121,219,14837,169139
2008-01,130850,120743,337,9769,16317,16317,7075,12291,44,7883,174462,526,40052,69425,69329,95,0,0,32306,946,20056,219,10929,174462
2008-02,133799,124427,337,9034,16317,16317,7698,12291,44,7910,178061,493,35548,71494,71422,72,0,0,36877,946,20893,219,11588,178061
2008-03,137436,127126,337,9973,16317,16317,8037,12291,44,7920,182047,492,33437,70786,70608,178,0,0,39530,948,21557,219,15074,182047
2008-04,142795,131217,337,11240,16317,16317,8049,12289,44,7944,187441,496,33424,73042,72957,84,0,0,43018,925,24753,219,11560,187441
2008-05,146340,133518,337,12484,16317,16317,8078,12249,44,8018,191048,516,32826,75792,75704,88,0,0,43920,904,27254,219,9613,191048
2008-06,149580,134249,337,14993,16279,16279,8097,12190,44,7913,194104,528,33075,82277,82177,100,0,0,41801,904,27414,219,7882,194104
2008-07,152623,137690,337,14596,16279,16279,8433,12104,44,7986,197472,556,33285,83161,83056,105,0,0,41717,892,29130,219,8508,197472
2008-08,154339,139521,337,14480,16279,16279,8554,12103,44,7943,199264,571,33698,83891,83777,113,0,0,42278,892,28735,219,8976,199264
2008-09,157908,143122,337,14448,16233,16233,8544,12103,44,8089,202924,584,34876,82459,82378,81,0,0,45911,892,27228,219,10751,202924
2008-10,159574,146602,337,12635,16233,16233,8477,12103,44,8019,204452,578,34043,81671,81571,100,0,0,47429,894,29322,219,10293,204452
2008-11,159941,147032,337,12571,16233,16233,8442,12083,44,8054,204800,578,34456,84876,84774,101,0,0,46527,733,27409,219,10000,204800
2008-12,162543,149624,337,12582,16195,16195,8432,11852,44,8027,207095,591,37115,92106,91894,211,0,0,45779,732,16963,219,13586,207095
2009-01,163731,150784,337,12609,16195,16195,8378,11852,44,8052,208255,580,47672,81980,81837,142,0,0,43521,771,17618,219,15890,208255
2009-02,165100,152156,337,12606,16195,16195,8384,11852,44,8039,209616,580,38285,87161,87038,123,0,0,42238,771,17099,219,23260,209616
2009-03,166051,153130,337,12583,16195,16195,8457,11832,44,8061,210642,596,36853,87422,87318,104,0,0,41295,750,15953,219,27549,210642
2009-04,168009,154769,669,12570,16195,16195,8479,11832,44,7713,212274,605,37096,87170,87072,97,0,0,40795,756,17815,219,27815,212274
2009-05,170893,157638,669,12584,16195,16195,8512,11820,43,8556,216022,627,36661,86116,86018,97,0,0,41415,724,22178,219,28078,216022
2009-06,171854,159281,669,11903,16073,16073,7483,11775,43,8553,215785,629,36720,87209,87121,88,0,0,41208,723,24012,219,25061,215785
2009-07,173476,160877,669,11928,16073,16073,7512,11748,43,8471,217326,634,37107,87638,87539,99,0,0,40460,746,27374,219,23143,217326
2009-08,174691,162093,669,11928,16064,16064,7553,11737,43,8473,218565,635,37597,86939,86789,149,0,0,40081,746,28987,219,23359,218565
2009-09,179720,166460,669,12589,15676,15676,7591,11701,43,7817,222550,635,40504,92901,92797,103,0,0,39915,746,27247,219,20378,222550
2009-10,182009,168974,669,12364,15676,15676,7778,11686,43,7796,224991,623,38900,89875,89753,122,0,0,40563,746,30302,219,23759,224991
2009-11,183651,171638,669,11343,15676,15676,8752,11623,43,7858,227607,623,39627,94046,93922,123,0,0,40447,758,30767,219,21115,227607
2009-12,185333,175154,669,9508,15661,15661,7161,11530,43,7804,227535,624,41555,102429,102280,148,0,0,42064,761,21226,219,18653,227535
2010-01,188021,177869,669,9482,15661,15661,7129,11530,43,7827,230214,641,44349,98470,98359,111,0,0,42380,746,25275,219,18130,230214
2010-02,189558,179412,669,9476,15625,15625,7186,11525,43,7823,231763,641,48187,104441,104257,184,0,0,41403,746,22860,219,13262,231763
2010-03,192118,182310,669,9138,15625,15625,8618,11514,43,8169,236090,649,42836,107196,107057,139,0,0,43442,746,23251,219,17748,236090
2010-04,195861,186058,669,9133,15621,15621,8715,11508,43,8169,239920,653,43073,103954,103828,125,0,0,45610,741,26657,219,19010,239920
2010-05,196868,187177,669,9021,15621,15621,8822,11508,43,8431,241296,623,42109,105018,104880,137,0,0,46058,719,30342,219,16204,241296
2010-06,198356,188703,669,8982,15621,15621,8966,11498,43,8445,242932,612,42566,111667,111506,161,0,0,46975,719,31023,219,9148,242932
2010-07,200141,190500,669,8971,15621,15621,9025,11500,43,8436,244769,631,42953,111384,111217,166,0,0,47491,701,33770,219,7617,244769
2010-08,202533,192833,669,9030,15583,15583,9090,11472,43,7398,246123,636,43541,110932,110766,166,0,0,47179,716,34861,219,8036,246123
2010-09,204810,195222,669,8918,15551,15551,9136,11465,43,7675,248683,639,46219,115100,114945,154,0,0,44005,715,32458,219,9324,248683
2010-10,210087,200640,669,8777,15551,15551,9120,11443,43,7440,253688,661,45449,120688,120507,181,0,0,41671,701,34977,219,9318,253688
2010-11,212733,203774,669,8289,15421,15421,9318,11392,43,7543,256453,669,46126,125648,125462,186,0,0,41887,718,33190,219,7994,256453
2010-12,215419,206766,669,7983,15421,15421,9485,11325,24,7597,259274,657,48646,136665,136480,184,0,0,40497,720,24277,219,7592,259274
2011-01,219957,211301,669,7986,15421,15421,15912,11317,24,6355,268988,898,63789,0,130295,0,0,0,38503,3878,26459,219,4944,268988
2011-02,222399,213753,669,7976,15421,15421,10478,11318,24,6408,266050,1060,52493,0,138736,0,0,0,34903,4327,29133,219,5174,266050
2011-03,226277,217476,669,8131,15404,15404,9561,11318,24,6230,268818,978,49272,0,143292,0,0,0,31160,4579,27289,219,12025,268818
2011-04,229301,220472,669,8158,15404,15404,9502,11314,24,6217,271765,900,49450,0,143858,0,0,0,29624,5286,31588,219,10835,271765
2011-05,232020,223606,669,7744,15404,15404,9485,11255,24,6420,274612,778,48646,0,147540,0,0,0,29296,5284,34274,219,8572,274612
2011-06,234697,226386,669,7641,15404,15404,9678,11253,24,7018,278078,802,48815,0,154653,0,0,0,27266,4866,34542,219,6911,278078
2011-07,237238,229159,669,7408,15404,15404,9638,11248,24,7158,280713,806,49335,0,153154,0,0,0,26234,4894,37963,219,8104,280713
2011-08,239197,231459,669,7068,15399,15399,9569,11248,24,7202,282642,769,49959,0,155181,0,0,0,24608,4995,38799,219,8109,282642
2011-09,241200,233853,669,6677,15399,15399,9556,11244,24,7485,284912,860,52203,0,160000,0,0,0,22451,4671,35711,219,8793,284912
2011-10,240107,232960,669,6477,15399,15399,12746,10753,24,6697,285730,864,51058,0,161761,0,0,0,21465,3996,38789,219,7574,285730
2011-11,239554,232699,669,6184,15399,15399,10409,10749,24,6739,282877,874,51724,0,164900,0,0,0,21442,3252,34128,219,6334,282877
2011-12,237898,232388,669,4839,15399,15399,10247,10643,24,6763,280977,908,55850,0,168791,0,0,0,23336,2699,22733,219,6437,280977
2012-01,239596,234139,669,4787,15399,15399,22525,10711,24,6765,295024,928,67739,0,169651,0,0,0,23227,2669,25076,219,5510,295024
2012-02,240146,234769,669,4706,15399,15399,10302,10636,24,6766,283276,951,56359,0,166983,0,0,0,23109,2454,26811,219,6386,283276
2012-03,240694,235799,669,4225,15349,15349,10551,10635,24,6767,284022,1106,54378,0,172305,0,0,0,21439,1846,23085,219,9639,284022
2012-04,239983,235173,669,4139,15349,15349,10793,10629,24,6771,283551,1106,54735,0,169629,0,0,0,19668,1935,27360,219,8895,283551
2012-05,239912,235159,669,4082,15349,15349,11048,10630,24,6790,283754,1153,53507,0,168444,0,0,0,18777,1961,29539,219,10149,283754
2012-06,239978,235189,669,4118,15349,15349,13303,10625,24,6789,286071,1182,54294,0,173756,0,0,0,18690,1097,27550,219,9279,286071
2012-07,239981,235221,669,4090,15313,15313,11820,10625,24,6813,284580,1239,54407,0,171121,0,0,0,17927,1036,30860,219,7767,284580
2012-08,240055,235276,669,4109,15313,15313,14336,10240,24,6003,285974,1279,55069,0,173418,0,0,0,17811,1028,31177,219,5970,285974
2012-09,240190,235297,669,4223,15313,15313,17901,10233,24,5992,289657,1297,59177,0,176854,0,0,0,17464,1241,28149,219,5253,289657
2012-10,240105,235307,669,4127,15313,15313,20443,10232,24,6184,292304,1286,56421,0,178094,0,0,0,16798,1142,33145,219,5196,292304
2012-11,239963,235203,669,4089,15313,15313,16548,10229,24,7798,289877,1333,57410,0,177487,0,0,0,15812,1149,31598,219,4864,289877
2012-12,241416,236669,669,4077,15313,15313,16701,10038,24,11041,294537,1348,60645,0,191699,0,0,0,13880,1464,20753,219,4525,294537
2013-01,248268,240184,669,7413,15313,15313,14502,10038,24,9783,297931,1253,68818,0,184125,0,0,0,13880,1000,23966,219,4667,297931
2013-02,251277,243222,669,7384,15313,15313,13002,10035,24,8521,298175,1265,67415,0,184549,0,0,0,13880,1076,24473,219,5294,298175
2013-03,254127,246103,669,7354,15313,15313,11374,10025,24,8073,298940,1349,61330,0,192318,0,0,0,13880,1295,22757,219,5787,298940
2013-04,256912,248946,669,7296,15312,15312,11649,10023,24,6877,300800,1329,60922,0,190587,0,0,0,12830,1267,27647,219,5995,300800
2013-05,257935,249959,669,7306,15312,15312,11844,10022,24,7004,302145,1327,59636,0,189818,0,0,0,11443,1220,32338,219,6140,302145
2013-06,257853,249868,669,7315,15312,15312,16182,10218,24,7148,306741,1316,59831,0,197945,0,0,0,10381,1127,32329,219,3589,306741
2013-07,257896,249887,669,7339,15312,15312,16106,10217,24,7138,306697,1310,59663,0,194757,0,0,0,9549,1162,36789,219,3244,306697
2013-08,258881,250866,669,7345,15312,15312,17108,10217,24,7381,308925,1260,60310,0,197005,0,0,0,8246,1425,37140,219,3316,308925
2013-09,261561,253548,669,7342,15312,15312,16680,10242,24,7369,311191,1268,63041,0,200096,0,0,0,7878,1817,34480,219,2388,311191
2013-10,266047,258043,669,7334,15312,15312,15543,10208,24,7380,314517,1319,61232,0,197174,0,0,0,7772,1479,41163,219,4156,314517
2013-11,270052,262036,669,7346,15312,15312,15501,10207,24,7369,318469,1314,62059,0,198062,0,0,0,7762,1875,41915,219,5259,318469
2013-12,272233,264270,669,7293,15312,15312,13147,8907,24,7652,317278,1330,64980,0,206042,0,0,0,7762,2088,28610,219,6244,317278
2014-01,277186,269215,669,7300,15312,15312,21281,8838,24,8538,331181,1273,85752,0,201979,0,0,0,7762,1975,28424,219,3793,331181
2014-02,278403,270407,669,7325,15312,15312,13136,8838,24,9303,325019,1323,69299,0,204697,0,0,0,7762,1696,32401,219,7618,325019
2014-03,280177,272149,669,7358,15312,15312,12384,8818,24,9929,326647,1365,64815,0,209925,0,0,0,7762,1998,28962,219,11597,326647
2014-04,281038,272995,669,7373,15312,15312,12973,8809,24,9921,328080,1398,64522,0,208440,0,0,0,7762,1462,34977,219,9298,328080
2014-05,281053,272998,669,7384,15312,15312,13901,8809,24,9921,329023,1445,63694,0,210235,0,0,0,7362,1330,36029,219,8706,329023
2014-06,280169,272131,669,7368,15312,15312,14556,8809,24,10825,329698,1516,63260,0,216638,0,0,0,7132,1477,33282,219,6171,329698
2014-07,280180,272128,669,7381,15312,15312,14933,8789,25,10849,330091,1586,63096,0,213556,0,0,0,6932,1348,38940,219,4412,330091
2014-08,280184,272151,669,7362,15312,15312,15455,8787,25,10868,330634,1634,63886,0,214070,0,0,0,6922,1398,39135,219,3366,330634
2014-09,280121,272017,669,7433,15312,15312,21015,8731,25,11055,336261,1661,65544,0,219754,0,0,0,6922,1964,36787,219,3407,336261
2014-10,280021,272038,669,7313,15312,15312,24116,8731,25,11077,339284,1622,63776,0,215605,0,0,0,6522,1629,44548,219,5360,339284
2014-11,279937,271970,669,7296,15312,15312,25022,8731,25,11191,340220,1610,64500,0,215544,0,0,0,6522,1481,45422,219,4918,340220
2014-12,278622,270681,669,7271,15312,15312,24985,7848,11,11467,338248,1558,67151,0,226941,0,0,0,6522,1833,31275,219,2746,338248
2015-01,278606,270688,669,7247,15312,15312,25789,7848,11,11299,338868,1505,69461,0,218882,0,0,0,6522,1561,37803,219,2912,338868
2015-02,278395,270468,669,7257,15312,15312,32422,7847,11,11421,345410,1639,82921,0,215752,0,0,0,6522,1447,32344,219,4562,345410
2015-03,276072,268160,669,7241,15312,15312,31478,7847,41,11473,342225,1728,69078,0,226674,0,0,0,6522,1405,29829,219,6767,342225
2015-04,275616,267701,669,7245,15312,15312,30600,7846,52,11459,340888,1811,67127,0,226002,0,0,0,6522,1703,30667,219,6833,340888
2015-05,275236,267321,669,7245,15312,15312,30851,7846,56,11457,340761,1741,65265,0,222526,0,0,0,6522,1647,32122,219,10716,340761
2015-06,276555,267149,2094,7311,15312,15312,23263,7696,55,14192,337075,1692,65111,0,223667,0,0,0,6522,1465,32481,219,5915,337075
2015-07,273515,264069,2135,7310,15312,15312,22366,9696,55,14252,335197,1709,65067,0,218105,0,0,0,6522,1453,36212,219,5906,335197
2015-08,264970,260885,2173,1912,15312,15312,29801,9696,57,13547,333386,1812,65583,0,218282,0,0,0,6522,1623,33737,219,5605,333386
2015-09,262214,258244,2207,1762,15312,15312,25234,9696,57,13523,326038,1843,68454,0,211222,0,0,0,6522,1649,31542,219,4584,326038
2015-10,262817,258777,2240,1798,15312,15312,25988,9696,61,13437,327313,1808,66071,0,209719,0,0,0,6572,1855,36485,219,4581,327313
2015-11,260254,255619,2287,2347,15312,15312,27519,9696,72,13398,326252,2341,66935,0,204674,0,0,0,6572,1606,39443,219,4459,326252
2015-12,253830,248537,2329,2963,15312,15312,26626,6656,71,15338,317836,2826,69885,0,206491,0,0,0,6572,1807,27179,219,2854,317836
2016-01,247702,242092,2367,3243,15312,15312,52000,6656,71,15294,337038,3110,79395,0,211016,0,0,0,6572,2689,31099,219,2935,337038
2016-02,247839,239813,2393,5633,15312,15312,52604,6654,71,13359,335843,3682,78394,0,212135,0,0,0,6572,3578,29504,219,1755,335843
2016-03,246545,238365,2416,5762,15312,15312,44158,6654,72,13473,326216,3909,71352,0,212024,0,0,0,6572,3827,27338,219,971,326216
2016-04,246256,237821,2445,5989,15312,15312,47361,6657,72,13427,329088,4252,70455,0,209092,0,0,0,6572,3506,34093,219,895,329088
2016-05,246245,237284,2445,6515,15312,15312,48585,6657,73,13399,330274,4509,69038,0,210173,0,0,0,6572,3526,34809,219,1424,330274
2016-06,245223,236307,2487,6428,15274,15274,57566,6657,74,13345,338142,4759,69030,0,220039,0,0,0,6572,3881,31797,219,1841,338142
2016-07,243667,234402,2502,6762,15274,15274,56303,6657,74,13336,335313,5052,69247,0,214870,0,0,0,3669,3633,35164,219,3456,335313
2016-08,242070,232483,2516,7070,15274,15274,56536,6657,75,13322,333936,5350,69714,0,215526,0,0,0,1664,3538,32908,219,5015,333936
2016-09,238943,229108,2530,7304,15274,15274,61905,6657,71,12098,334950,5712,71920,0,218786,0,0,0,764,3786,29920,219,3839,334950
2016-10,236441,226430,2541,7469,15274,15274,72549,6657,70,11065,342058,5924,70642,0,219492,0,0,0,600,3730,37650,219,3798,342058
2016-11,232763,222603,2541,7618,15274,15274,77293,6657,70,7679,339739,6246,71303,0,220619,0,0,0,500,3441,36166,219,1242,339739
2016-12,229795,219425,2541,7829,15274,15274,84739,6324,81,7497,343711,6485,74884,0,234095,0,0,0,500,3195,25062,219,-730,343711
2017-01,225614,217337,2541,5735,15274,15274,91346,6316,79,9636,348267,6724,96762,0,211048,0,0,0,500,1235,29971,219,1806,348267
2017-02,224887,216756,2541,5589,15274,15274,88464,6316,80,10446,345469,6856,79362,0,223326,0,0,0,500,1246,31961,219,1995,345469
2017-03,224290,216209,2541,5539,15274,15274,80711,6316,117,10644,337353,7744,75246,0,227140,0,0,0,500,1099,24025,219,1377,337353
2017-04,223811,215789,2541,5480,15274,15274,84560,6313,103,11232,341296,8415,74434,0,225029,0,0,0,500,1274,28764,219,2659,341296
2017-05,223430,215496,2541,5392,15274,15274,85834,6313,98,11533,342485,8772,73746,0,225838,0,0,0,500,829,30943,219,1635,342485
2017-06,223007,215153,2541,5313,15274,15274,85906,6318,97,14421,345025,7596,73268,0,229662,0,0,0,0,1599,28112,219,3725,345025
2017-07,222787,215106,2541,5139,15274,15274,91383,6318,96,14750,350610,7351,73259,0,224936,0,0,0,0,1152,38442,219,4345,350610
2017-08,222577,215098,2541,4937,15274,15274,86175,6318,94,16704,347144,6383,73817,0,227174,0,0,0,0,1259,33119,219,4269,347144
2017-09,222589,215106,2541,4941,15274,15274,89148,6318,95,16570,349996,6047,76626,0,228516,0,0,0,0,1025,31095,219,5564,349996
2017-10,222239,215127,2541,4570,15274,15274,97454,6318,89,17499,358875,5701,74544,0,229778,0,0,0,0,1095,40791,219,5748,358875
2017-11,221984,215151,2541,4291,15274,15274,101125,6321,88,17679,362473,5420,74851,0,231218,0,0,0,0,1243,41410,219,7115,362473
2017-12,221164,214788,2541,3834,15274,15274,102230,5986,101,18174,362931,5019,77073,0,243802,0,0,0,0,880,28626,219,6315,362931
2018-01,220677,214833,2541,3302,15274,15274,97888,5986,99,17874,357800,4492,81557,0,224704,0,0,0,0,1024,38144,219,6419,357800
2018-02,220369,214873,2541,2953,15274,15274,103154,5949,98,17681,362528,4405,91477,0,224608,0,0,0,0,1005,32023,219,6586,362528
2018-03,220277,214952,2541,2784,15274,15274,99901,5949,35,18168,359608,4168,79452,0,238740,0,0,0,0,928,26373,219,6567,359608
2018-04,220101,215026,2541,2533,15274,15274,93847,5949,57,17994,353225,4001,77626,0,224662,0,0,0,0,1233,33433,219,7053,353225
2018-05,220168,215117,2541,2509,15274,15274,97160,5949,53,17541,356149,3886,75912,0,223565,0,0,0,0,2741,37393,219,7420,356149
2018-06,220183,215193,2541,2448,15274,15274,103424,5947,54,17818,362702,3746,75657,0,237805,0,0,0,0,1117,32041,219,7105,362702
2018-07,220129,215301,2541,2286,15274,15274,104707,5947,53,17170,363282,3556,75506,0,229937,0,0,0,0,1199,39241,219,7208,363282
2018-08,219951,215278,2541,2131,15274,15274,104345,5953,40,17052,362616,3486,75744,0,227764,0,0,0,0,1398,38843,219,7521,362616
2018-09,218810,214084,2541,2184,15274,15274,109333,5956,45,16809,366229,3549,78117,0,231051,0,0,0,0,2049,34794,219,7698,366229
2018-10,218009,213168,2541,2299,15250,15250,102242,5956,49,16829,358337,3695,76487,0,211727,0,0,0,0,2485,41704,219,12062,358337
2018-11,217580,212597,2541,2441,15250,15250,104023,4639,45,17530,359069,3742,76425,0,216967,0,0,0,200,1316,37646,219,10105,359069
2018-12,217648,212556,2569,2521,15250,15250,111517,4642,27,23405,372492,4016,79145,0,235511,0,0,0,200,1164,28224,219,7710,372492
2019-01,217763,212544,2603,2614,15250,15250,107056,4646,27,18527,363271,4762,95776,203473,203473,0,0,0,200,2050,35110,219,7691,363271
2019-02,217980,212541,2632,2806,15250,15250,100907,4657,27,17385,356209,4545,87532,202930,202930,0,0,0,315,1173,38516,219,7870,356209
2019-03,218109,212536,2663,2909,15250,15250,93667,4708,26,16789,348552,4693,81310,209648,209648,0,0,0,315,819,31407,219,7387,348552
2019-04,218245,212528,2705,3012,15250,15250,94096,4706,0,16293,348592,4730,79782,206201,206201,0,0,0,315,1276,36060,219,7219,348592
2019-05,218421,212517,2750,3153,15250,15250,100015,4691,0,20635,359014,4333,78415,213073,213073,0,0,0,415,1352,39345,219,9233,359014
2019-06,218521,212455,2781,3284,15250,15250,101860,4841,0,23121,363595,4236,78236,221817,221817,0,0,0,740,903,35682,219,8726,363595
2019-07,218680,212448,2813,3419,15250,15250,103111,5041,0,15868,357952,4443,78122,210260,210260,0,0,0,540,966,41754,219,8768,357952
2019-08,218800,212364,2834,3601,15250,15250,104771,5042,0,16487,360352,4818,78752,207945,207945,0,0,0,790,1127,41884,219,11191,360352
2019-09,218767,212353,2855,3557,15250,15250,106774,5167,0,16006,361966,4775,80217,212229,212229,0,0,0,940,1105,38526,219,10517,361966
2019-10,218729,212347,2855,3525,15250,15250,104373,5436,0,15850,359640,4601,78989,205823,205823,0,0,0,1000,1069,43657,219,10250,359640
2019-11,218658,212336,2855,3466,15250,15250,108157,5534,0,15474,363075,4649,79335,209882,209882,0,0,0,1010,1105,42063,219,10019,363075
2019-12,218638,212317,2855,3465,15250,15250,117748,4623,0,14869,371130,4574,82859,226023,226023,0,0,0,1020,841,32415,219,7884,371130
2020-01,218649,212374,2855,3419,15250,15250,120824,4740,0,14030,373495,4715,101156,202608,202608,0,0,0,1020,1136,36788,219,8016,373495
2020-02,218452,212249,2855,3347,15250,15250,108534,4741,0,14041,361021,4613,96497,197359,197359,0,0,0,995,934,37167,219,8415,361021
2020-03,218315,212079,2855,3381,15250,15250,113014,4734,0,14059,365374,5016,90750,212680,212680,0,0,0,985,1896,30775,219,8675,365374
2020-04,218310,211914,2855,3540,15250,15250,107996,4741,0,14048,360347,5049,88073,208740,208740,0,0,0,975,1185,32316,219,8914,360347
2020-05,218333,211802,2855,3675,15250,15250,115525,4746,0,14015,367870,4958,85688,207935,207935,0,0,0,975,1250,42277,219,9494,367870
2020-06,218332,211742,2855,3734,15250,15250,111618,4747,0,13982,363931,4749,85413,207202,207202,0,0,0,950,1198,38252,219,10222,363931
2020-07,218374,211723,2855,3796,15250,15250,106614,4762,0,12922,357924,4876,85166,196061,196061,0,0,0,950,1079,42557,219,11068,357924
2020-08,218361,211684,2855,3821,15250,15250,113772,4766,0,12901,365052,5031,85434,196502,196502,0,0,0,950,1137,47793,219,11750,365052
2020-09,218213,211625,2855,3732,15250,15250,123619,4741,0,12903,374727,5292,88063,209650,209650,0,0,0,950,1080,39774,219,11767,374727
2020-10,218185,211577,2855,3752,15250,15250,120745,4740,0,12891,371812,5275,86357,198214,198214,0,0,0,950,981,49894,219,12111,371812
2020-11,218209,211636,2855,3716,15250,15250,130987,4754,0,12787,381989,5106,86885,210364,210364,0,0,0,900,1010,47771,219,12463,381989
2020-12,218039,211308,2855,3876,15250,15250,133355,4447,0,16582,387675,4881,89823,222906,222906,0,0,0,900,929,38681,219,11634,387675
